{"loss": [0.9958948493003845, 0.978117048740387, 0.9177109599113464, 0.829089879989624, 0.7831515073776245, 0.7580281496047974, 0.7143843770027161, 0.6948360800743103, 0.6781620383262634, 0.6679932475090027, 0.6499843597412109, 0.6457772850990295, 0.644863486289978, 0.6113224625587463, 0.6142660975456238, 0.5990081429481506, 51.987709045410156, 0.7850645184516907, 0.7369067668914795, 0.7036263346672058], "accuracy": [0.9962766766548157, 0.9961091876029968, 0.9965629577636719, 0.9980465173721313, 0.998401403427124, 0.9984222650527954, 0.9985955953598022, 0.9986749887466431, 0.9987248778343201, 0.9987202882766724, 0.998760998249054, 0.9987743496894836, 0.9987332820892334, 0.9988257884979248, 0.9988358616828918, 0.9988484978675842, 0.9976520538330078, 0.9983962774276733, 0.9985570311546326, 0.9986902475357056], "mean_iou": [0.49937552213668823, 0.49937552213668823, 0.49940234422683716, 0.4995386004447937, 0.5006721019744873, 0.5019184350967407, 0.5021317601203918, 0.5045250058174133, 0.504923939704895, 0.5050287246704102, 0.5046985745429993, 0.5143604874610901, 0.5080698728561401, 0.5155935883522034, 0.5094500184059143, 0.5118184089660645, 0.5156233906745911, 0.5022013783454895, 0.5017237067222595, 0.5023773908615112], "val_loss": [1.0193586349487305, 0.9471622705459595, 0.9315586090087891, 0.8465719223022461, 0.7955387830734253, 0.7446666359901428, 0.7074265480041504, 0.6794396638870239, 0.772754967212677, 0.6682602167129517, 0.6489107608795166, 0.6362953186035156, 0.6317870020866394, 0.6260941624641418, 0.6013818383216858, 0.6066932082176208, 0.859367311000824, 0.7395999431610107, 0.7584946751594543, 0.6920687556266785], "val_accuracy": [0.9987002015113831, 0.9942072033882141, 0.9923743009567261, 0.9986428022384644, 0.9974976181983948, 0.9980109333992004, 0.998441219329834, 0.9985113143920898, 0.9987671971321106, 0.9988120198249817, 0.9986540079116821, 0.9988189935684204, 0.9987860918045044, 0.998805046081543, 0.9989416003227234, 0.9988939166069031, 0.9987347722053528, 0.9986938238143921, 0.9987870454788208, 0.9986986517906189], "val_mean_iou": [0.4993527829647064, 0.4993527829647064, 0.4993527829647064, 0.4993860423564911, 0.5006336569786072, 0.5195215940475464, 0.5065845251083374, 0.4998723864555359, 0.5005847811698914, 0.5081148743629456, 0.5018828511238098, 0.506912350654602, 0.506644070148468, 0.514883816242218, 0.5029721856117249, 0.5021138191223145, 0.4995028078556061, 0.5003726482391357, 0.4996863007545471, 0.5017902851104736], "lr": [0.0010000000474974513, 0.0010000000474974513, 0.0010000000474974513, 0.0010000000474974513, 0.0010000000474974513, 0.0010000000474974513, 0.0010000000474974513, 0.0010000000474974513, 0.0010000000474974513, 0.0010000000474974513, 0.0010000000474974513, 0.0010000000474974513, 0.0010000000474974513, 0.0010000000474974513, 0.0010000000474974513, 0.0010000000474974513, 0.0010000000474974513, 0.0010000000474974513, 0.0010000000474974513, 0.00010000000474974513]}