{"loss": [1.1563398838043213], "accuracy": [0.9381477236747742], "mean_iou": [0.4993051290512085], "val_loss": [1.3274774551391602], "val_accuracy": [0.9984965324401855], "val_mean_iou": [0.4992482662200928], "lr": [0.0010000000474974513]}