{"loss": [0.9652252793312073, 0.8478785157203674, 0.8041874170303345, 0.7446285486221313, 0.7209692597389221, 0.686251163482666, 0.6735711097717285, 0.6654178500175476, 0.6635965704917908, 0.6260179877281189, 0.6063300371170044, 0.5892801880836487, 0.5858386754989624, 0.5764070153236389, 0.5768349170684814, 0.579990029335022, 0.5652891397476196, 0.5658074617385864, 0.5614902973175049, 0.5570351481437683, 0.5642462968826294, 0.5508978962898254, 0.5625483989715576, 0.5491976141929626, 0.552084743976593, 0.5510881543159485, 0.5303474068641663, 0.5365114212036133, 0.5350401401519775, 0.5353118181228638, 0.528564989566803, 0.5261745452880859, 0.5264819264411926, 0.5364516377449036, 0.5214078426361084, 0.5105102062225342, 0.5136494040489197, 0.514758825302124, 0.5198559165000916, 0.5153681635856628, 0.5169807076454163, 0.5060212016105652, 0.507327139377594, 0.5071146488189697], "accuracy": [0.9962518811225891, 0.9978179335594177, 0.9982188940048218, 0.9985060691833496, 0.9985769391059875, 0.9986740946769714, 0.9986703395843506, 0.9986826777458191, 0.9986968040466309, 0.9987936615943909, 0.9988455176353455, 0.9988837242126465, 0.9988970756530762, 0.998901903629303, 0.9989199042320251, 0.9989044070243835, 0.9989439845085144, 0.9989522695541382, 0.9989420175552368, 0.9989532232284546, 0.9989538192749023, 0.9989709258079529, 0.9989591240882874, 0.9989791512489319, 0.9989887475967407, 0.9989718794822693, 0.998989999294281, 0.9990001320838928, 0.9990036487579346, 0.9990166425704956, 0.999019980430603, 0.9990258812904358, 0.9990251660346985, 0.9990226030349731, 0.9990318417549133, 0.9990414977073669, 0.999041736125946, 0.9990488886833191, 0.9990379214286804, 0.9990520477294922, 0.999051570892334, 0.9990565180778503, 0.9990590810775757, 0.999068021774292], "mean_iou": [0.4993762671947479, 0.5007882714271545, 0.5013099908828735, 0.5020032525062561, 0.50533127784729, 0.506436824798584, 0.5073255896568298, 0.5076512098312378, 0.5108380317687988, 0.5141650438308716, 0.5154885649681091, 0.5140224695205688, 0.5127240419387817, 0.5113529562950134, 0.5107032060623169, 0.5086527466773987, 0.5098603367805481, 0.5077652931213379, 0.5074731707572937, 0.507452666759491, 0.5061849355697632, 0.5072317719459534, 0.5070703625679016, 0.5079295039176941, 0.5074917078018188, 0.508074939250946, 0.5080668926239014, 0.5072447061538696, 0.5094684958457947, 0.5094664692878723, 0.5083303451538086, 0.5111761689186096, 0.5098881125450134, 0.5110816359519958, 0.5086499452590942, 0.5093764662742615, 0.5147492289543152, 0.512578547000885, 0.5126171112060547, 0.5103242993354797, 0.5113732218742371, 0.5121043920516968, 0.5139452219009399, 0.5116851925849915], "val_loss": [1.0150444507598877, 0.9983828663825989, 0.7360067963600159, 0.7286506295204163, 0.6883260011672974, 0.6967601776123047, 0.7405033707618713, 0.7309184670448303, 0.7632482647895813, 0.6139763593673706, 0.5996642708778381, 0.594325840473175, 0.5819913148880005, 0.582381010055542, 0.5799218416213989, 0.5704576969146729, 0.5672965049743652, 0.567327618598938, 0.5673309564590454, 0.5637944340705872, 0.5646647810935974, 0.5610126852989197, 0.5592170357704163, 0.5519763231277466, 0.5531547665596008, 0.5594398975372314, 0.5561478137969971, 0.5600495338439941, 0.5502896904945374, 0.5482735633850098, 0.548346757888794, 0.5493804812431335, 0.5498549938201904, 0.5462800860404968, 0.5425614714622498, 0.5440126657485962, 0.5405398607254028, 0.538137674331665, 0.5367985963821411, 0.5383706092834473, 0.5438438057899475, 0.5469650626182556, 0.5433833003044128, 0.5396624207496643], "val_accuracy": [0.9986515045166016, 0.9986850023269653, 0.99864262342453, 0.9986098408699036, 0.9984074831008911, 0.9986671805381775, 0.9987850785255432, 0.9984655976295471, 0.9987753033638, 0.9986912608146667, 0.9988260865211487, 0.9989025592803955, 0.9987929463386536, 0.9988779425621033, 0.998909056186676, 0.9988969564437866, 0.9988939166069031, 0.9988883137702942, 0.9989206194877625, 0.9989120960235596, 0.9989537596702576, 0.9989004135131836, 0.9989177584648132, 0.9988853931427002, 0.9989212155342102, 0.9988630414009094, 0.9989184737205505, 0.998948872089386, 0.9989473819732666, 0.9989596605300903, 0.9989579916000366, 0.9989736080169678, 0.9989705085754395, 0.998947024345398, 0.998950719833374, 0.9989528059959412, 0.9989535212516785, 0.9989108443260193, 0.9989102482795715, 0.9989595413208008, 0.9989795088768005, 0.9989941716194153, 0.9989681839942932, 0.9989523887634277], "val_mean_iou": [0.4993527829647064, 0.4993527829647064, 0.4997444748878479, 0.5003324747085571, 0.5174155831336975, 0.5081695318222046, 0.4994528889656067, 0.5000256896018982, 0.4996528625488281, 0.526420533657074, 0.5118052363395691, 0.5087708234786987, 0.514748215675354, 0.5072678327560425, 0.504187285900116, 0.5040902495384216, 0.5082317590713501, 0.5043642520904541, 0.5042068958282471, 0.50581955909729, 0.502348005771637, 0.5069207549095154, 0.5042362213134766, 0.5053440928459167, 0.5064617395401001, 0.5098257660865784, 0.5071274042129517, 0.5054150819778442, 0.5044488906860352, 0.5035825967788696, 0.5057337284088135, 0.5053077340126038, 0.508715808391571, 0.506071150302887, 0.5040953159332275, 0.5115987062454224, 0.5072495341300964, 0.5143425464630127, 0.5071114301681519, 0.50663822889328, 0.5082241892814636, 0.5071300864219666, 0.5109500288963318, 0.5139297246932983], "lr": [0.0010000000474974513, 0.0010000000474974513, 0.0010000000474974513, 0.0010000000474974513, 0.0010000000474974513, 0.0010000000474974513, 0.0010000000474974513, 0.0010000000474974513, 0.0010000000474974513, 0.00010000000474974513, 0.00010000000474974513, 0.00010000000474974513, 0.00010000000474974513, 0.00010000000474974513, 0.00010000000474974513, 0.00010000000474974513, 0.00010000000474974513, 0.00010000000474974513, 0.00010000000474974513, 0.00010000000474974513, 0.00010000000474974513, 0.00010000000474974513, 0.00010000000474974513, 0.00010000000474974513, 0.00010000000474974513, 0.00010000000474974513, 0.00010000000474974513, 0.00010000000474974513, 9.999999747378752e-05, 9.999999747378752e-05, 9.999999747378752e-05, 9.999999747378752e-05, 9.999999747378752e-05, 9.999999747378752e-05, 9.999999747378752e-05, 9.999999747378752e-05, 9.999999747378752e-05, 9.999999747378752e-05, 9.999999747378752e-05, 9.999999747378752e-05, 9.999999747378752e-05, 9.999999747378752e-05, 9.999999747378752e-05, 9.999999747378752e-05]}