{"loss": [1.2896429300308228], "accuracy": [0.8465418815612793], "mean_iou": [0.4993051290512085], "val_loss": [1.0234053134918213], "val_accuracy": [0.9984965324401855], "val_mean_iou": [0.4992482662200928], "lr": [0.0010000000474974513]}