{"loss": [1.2346078157424927], "accuracy": [0.8998085260391235], "mean_iou": [0.49935269355773926], "val_loss": [1.022789478302002], "val_accuracy": [0.998481273651123], "val_mean_iou": [0.4992482662200928], "lr": [0.0010000000474974513]}