{"loss": [1.2496485710144043, 1.003912091255188, 1.0034881830215454, 0.989657998085022, 0.9430029392242432, 0.9065370559692383, 0.8697782158851624, 0.8475217223167419, 0.8315654993057251, 0.808745801448822, 0.792612612247467, 0.7541701793670654, 0.7256602048873901, 0.69954913854599, 0.6698086261749268, 0.6407680511474609, 0.6287362575531006, 0.6259203553199768, 0.6105005145072937, 0.6101280450820923, 0.6017889976501465, 0.5809838771820068, 0.5787133574485779, 0.5614108443260193, 0.5732568502426147, 0.5520092248916626, 0.5498828291893005, 0.5434881448745728, 0.5355336666107178, 0.5337119102478027, 0.5199015736579895, 0.4959736168384552, 0.48053598403930664, 0.4761633574962616, 0.4729737639427185, 0.470289945602417, 0.471741646528244, 0.4602936804294586, 0.4689708948135376, 0.4618546962738037, 0.45675575733184814], "accuracy": [0.997920036315918, 0.9986486434936523, 0.9983375072479248, 0.9976997971534729, 0.9972990155220032, 0.9981390833854675, 0.9983369708061218, 0.998248279094696, 0.9982386827468872, 0.9984370470046997, 0.9983837008476257, 0.998505711555481, 0.9985576272010803, 0.9986361861228943, 0.9987234473228455, 0.9987908601760864, 0.998818576335907, 0.998807430267334, 0.9988623857498169, 0.9988406300544739, 0.9988812804222107, 0.9989068508148193, 0.9989038109779358, 0.9989553689956665, 0.9989335536956787, 0.9989555478096008, 0.998977780342102, 0.9989807605743408, 0.9990078806877136, 0.9990043640136719, 0.9990271329879761, 0.9990867376327515, 0.9991082549095154, 0.9991143941879272, 0.9991205930709839, 0.9991329312324524, 0.9991379380226135, 0.9991365075111389, 0.9991469383239746, 0.9991506338119507, 0.9991592168807983], "mean_iou": [0.4992992579936981, 0.49937552213668823, 0.49937552213668823, 0.49937552213668823, 0.49937528371810913, 0.49937528371810913, 0.49941107630729675, 0.49975889921188354, 0.5004656314849854, 0.503365159034729, 0.5084139108657837, 0.5107463002204895, 0.5091971158981323, 0.5092112421989441, 0.5185511708259583, 0.5227763056755066, 0.5257672071456909, 0.5262178182601929, 0.5263234972953796, 0.5294419527053833, 0.5289053916931152, 0.5275748372077942, 0.5272849202156067, 0.5264557600021362, 0.5216113924980164, 0.5278832912445068, 0.5209895968437195, 0.5371363759040833, 0.5301367044448853, 0.5418540835380554, 0.534991979598999, 0.5862614512443542, 0.5407761335372925, 0.5263113975524902, 0.5249873399734497, 0.5241280794143677, 0.5227225422859192, 0.5237612128257751, 0.5216302871704102, 0.5234244465827942, 0.5263475775718689], "val_loss": [1.0115636587142944, 1.02715003490448, 0.9966598153114319, 0.9622240662574768, 0.9571138024330139, 0.9046196341514587, 0.8535181879997253, 0.8347538113594055, 0.8602982759475708, 0.7978846430778503, 0.7435234785079956, 0.7252057194709778, 0.7567386627197266, 0.6855871677398682, 0.6969723105430603, 0.6516737341880798, 0.6662515997886658, 0.6275554299354553, 0.7039728760719299, 0.670333206653595, 0.6753630042076111, 0.5999849438667297, 0.6016939878463745, 0.5872911810874939, 0.5865944027900696, 0.6103696823120117, 0.5629149675369263, 0.5681849718093872, 0.608740508556366, 0.5757613182067871, 0.5799056887626648, 0.5562739968299866, 0.5473212003707886, 0.5515064001083374, 0.5452449917793274, 0.5422980785369873, 0.5450560450553894, 0.5483642816543579, 0.5454593896865845, 0.5447196960449219, 0.5437917113304138], "val_accuracy": [0.9987057447433472, 0.9987057447433472, 0.9987057447433472, 0.9982001185417175, 0.9986804723739624, 0.9985776543617249, 0.9980289340019226, 0.9981635212898254, 0.9976891279220581, 0.9984906315803528, 0.9984900951385498, 0.9987193942070007, 0.997600793838501, 0.9984461665153503, 0.9983141422271729, 0.9985411763191223, 0.9988774657249451, 0.9986934661865234, 0.9988414645195007, 0.9983235001564026, 0.9988811612129211, 0.9989233613014221, 0.998646080493927, 0.9988357424736023, 0.9988567233085632, 0.9989472031593323, 0.9989243149757385, 0.9988495707511902, 0.9989631772041321, 0.9989566802978516, 0.9989539384841919, 0.9989749789237976, 0.9989581108093262, 0.9989855289459229, 0.9989814758300781, 0.9989575743675232, 0.998958945274353, 0.9989913105964661, 0.9989783763885498, 0.99897700548172, 0.998974084854126], "val_mean_iou": [0.4993527829647064, 0.4993527829647064, 0.4993527829647064, 0.4993527829647064, 0.4993527829647064, 0.4993527829647064, 0.4993569552898407, 0.4993527829647064, 0.5002007484436035, 0.5062879920005798, 0.5050341486930847, 0.5044714212417603, 0.5179584622383118, 0.5114657282829285, 0.5353256464004517, 0.5270047187805176, 0.5122361183166504, 0.5192666053771973, 0.514653742313385, 0.5254416465759277, 0.5101721882820129, 0.5108749866485596, 0.5275601744651794, 0.5201852321624756, 0.5115633606910706, 0.5082324147224426, 0.5275935530662537, 0.5316861271858215, 0.5168044567108154, 0.5214115977287292, 0.5807061791419983, 0.5383625626564026, 0.5210615396499634, 0.5144135355949402, 0.5153828859329224, 0.5166261792182922, 0.5221725106239319, 0.5128526091575623, 0.5158693194389343, 0.5152972936630249, 0.5183839797973633], "lr": [0.0010000000474974513, 0.0010000000474974513, 0.0010000000474974513, 0.0010000000474974513, 0.0010000000474974513, 0.0010000000474974513, 0.0010000000474974513, 0.0010000000474974513, 0.0010000000474974513, 0.0010000000474974513, 0.0010000000474974513, 0.0010000000474974513, 0.0010000000474974513, 0.0010000000474974513, 0.0010000000474974513, 0.0010000000474974513, 0.0010000000474974513, 0.0010000000474974513, 0.0010000000474974513, 0.0010000000474974513, 0.0010000000474974513, 0.0010000000474974513, 0.0010000000474974513, 0.0010000000474974513, 0.0010000000474974513, 0.0010000000474974513, 0.0010000000474974513, 0.0010000000474974513, 0.0010000000474974513, 0.0010000000474974513, 0.0010000000474974513, 0.00010000000474974513, 0.00010000000474974513, 0.00010000000474974513, 0.00010000000474974513, 0.00010000000474974513, 0.00010000000474974513, 0.00010000000474974513, 0.00010000000474974513, 0.00010000000474974513, 9.999999747378752e-05]}