{"loss": [1.5816903114318848], "accuracy": [0.8779635429382324], "mean_iou": [0.4993051290512085], "val_loss": [1.0202659368515015], "val_accuracy": [0.9984965324401855], "val_mean_iou": [0.4992482662200928], "lr": [0.0010000000474974513]}